<?xml version="1.0" encoding="utf-8"?>
<Store>
	<storedata>
	    <id>1</id>
		<city>Subway</city>
       	<tempc>0</tempc>
       	<tempf>32°F</tempf>
		<condition>Jubilee Hills</condition>
		<windspeed>5 kmph</windspeed>
		<icon>snowing</icon>
	</storedata>
	<storedata>
	    <id>2</id>
		<city>Coffee Day</city>
		<tempc>0</tempc>
       	<tempf>73.4°F</tempf>
		<condition>Secunderabad</condition>
		<windspeed>10 kmph</windspeed>
		<icon>thunder</icon>
	</storedata>
	<storedata>
	    <id>3</id>
		<city>Barista</city>
		<tempc>0</tempc>
       	<tempf>41°F</tempf>
		<condition>Kondapur</condition>
		<windspeed>2 kmph</windspeed>
		<icon>rainy</icon>
	</storedata>
	<storedata>
	    <id>4</id>
		<city>Dominos</city>
       	<tempc>0</tempc>
       	<tempf>64.4°F</tempf>
		<condition>IndiraNagar</condition>
		<windspeed>7 kmph</windspeed>
		<icon>cloudy</icon>
	</storedata>
	<storedata>
	    <id>5</id>
		<city>Pizza Corner</city>
       	<tempc>0</tempc>
       	<tempf>89.6°F</tempf>
		<condition>IndiraNagar</condition>
		<windspeed>10 kmph</windspeed>
		<icon>sunny</icon>
	</storedata>
</Store>
